implementation,threads,runs,mean_seconds,std_seconds,speedup,efficiency
Basic,1,5,4.4913508,0.12189726529007952,1.0,1.0
Basic,4,5,1.1908338,0.05251168028353304,3.771601713018223,0.9429004282545558
Basic,8,5,1.0748882,0.0843055535638075,4.178435301457398,0.5223044126821748
Basic,16,5,1.0355716799999999,0.08212331198567799,4.337073798696388,0.27106711241852427
Basic,32,5,1.0785002399999999,0.10886908857333198,4.164441168784534,0.1301387865245167
Reduced All Cyclic,1,5,2.3053871999999997,0.03747658157036198,1.0,1.0
Reduced All Cyclic,4,5,0.8128276,0.2082600927608432,2.8362560523289315,0.7090640130822329
Reduced All Cyclic,8,5,0.65177302,0.027983331069620684,3.537101305604825,0.4421376632006031
Reduced All Cyclic,16,5,0.5999637800000001,0.02055648344019476,3.8425439615704793,0.24015899759815496
Reduced All Cyclic,32,5,0.6304723,0.035440076712177165,3.6566034701286636,0.11426885844152074
Reduced Default,1,5,2.35685,0.09821925141233775,1.0,1.0
Reduced Default,4,5,1.0764802,0.047333603388079445,2.1894039481636542,0.5473509870409136
Reduced Default,8,5,0.74788652,0.05785118099768574,3.151347078698517,0.3939183848373146
Reduced Default,16,5,0.68245008,0.05631316579621501,3.453512673044159,0.21584454206525994
Reduced Default,32,5,0.6316055,0.03515814688795467,3.731522287250507,0.11661007147657834
Reduced Forces Cyclic,1,5,2.319935,0.02907564165242099,1.0,1.0
Reduced Forces Cyclic,4,5,0.67641016,0.03976711238936012,3.429775507807275,0.8574438769518188
Reduced Forces Cyclic,8,5,0.6382011000000001,0.05614579374383265,3.635115953263007,0.4543894941578759
Reduced Forces Cyclic,16,5,0.60813828,0.009954064007831139,3.8148149463638434,0.23842593414774021
Reduced Forces Cyclic,32,5,0.61788004,0.03159912055932885,3.7546689483609152,0.1173334046362786
