implementation,threads,run,elapsed_seconds
bench_basic,1,1,4.605192e+00
bench_basic,1,2,4.442796e+00
bench_basic,1,3,4.463858e+00
bench_basic,1,4,4.618482e+00
bench_basic,1,5,4.326426e+00
bench_basic,4,1,1.244362e+00
bench_basic,4,2,1.251150e+00
bench_basic,4,3,1.155604e+00
bench_basic,4,4,1.161409e+00
bench_basic,4,5,1.141644e+00
bench_basic,8,1,1.218709e+00
bench_basic,8,2,1.081449e+00
bench_basic,8,3,1.014664e+00
bench_basic,8,4,1.032166e+00
bench_basic,8,5,1.027453e+00
bench_basic,16,1,9.948571e-01
bench_basic,16,2,1.175975e+00
bench_basic,16,3,1.040485e+00
bench_basic,16,4,9.758125e-01
bench_basic,16,5,9.907288e-01
bench_basic,32,1,9.828512e-01
bench_basic,32,2,1.024469e+00
bench_basic,32,3,1.139620e+00
bench_basic,32,4,1.240434e+00
bench_basic,32,5,1.005127e+00
bench_red_default,1,1,2.264579e+00
bench_red_default,1,2,2.518289e+00
bench_red_default,1,3,2.340393e+00
bench_red_default,1,4,2.364784e+00
bench_red_default,1,5,2.296205e+00
bench_red_default,4,1,1.101858e+00
bench_red_default,4,2,1.146321e+00
bench_red_default,4,3,1.061337e+00
bench_red_default,4,4,1.037985e+00
bench_red_default,4,5,1.034900e+00
bench_red_default,8,1,6.926940e-01
bench_red_default,8,2,7.204187e-01
bench_red_default,8,3,7.607638e-01
bench_red_default,8,4,8.418783e-01
bench_red_default,8,5,7.236778e-01
bench_red_default,16,1,6.457027e-01
bench_red_default,16,2,6.493586e-01
bench_red_default,16,3,7.768229e-01
bench_red_default,16,4,6.928997e-01
bench_red_default,16,5,6.474665e-01
bench_red_default,32,1,6.849759e-01
bench_red_default,32,2,6.258705e-01
bench_red_default,32,3,6.450667e-01
bench_red_default,32,4,5.982742e-01
bench_red_default,32,5,6.038402e-01
bench_red_forces_cyclic,1,1,2.270317e+00
bench_red_forces_cyclic,1,2,2.345105e+00
bench_red_forces_cyclic,1,3,2.330076e+00
bench_red_forces_cyclic,1,4,2.333449e+00
bench_red_forces_cyclic,1,5,2.320728e+00
bench_red_forces_cyclic,4,1,6.281075e-01
bench_red_forces_cyclic,4,2,6.730761e-01
bench_red_forces_cyclic,4,3,6.783927e-01
bench_red_forces_cyclic,4,4,7.382827e-01
bench_red_forces_cyclic,4,5,6.641918e-01
bench_red_forces_cyclic,8,1,5.830321e-01
bench_red_forces_cyclic,8,2,7.166720e-01
bench_red_forces_cyclic,8,3,6.319159e-01
bench_red_forces_cyclic,8,4,5.895442e-01
bench_red_forces_cyclic,8,5,6.698413e-01
bench_red_forces_cyclic,16,1,5.992515e-01
bench_red_forces_cyclic,16,2,6.117136e-01
bench_red_forces_cyclic,16,3,5.990849e-01
bench_red_forces_cyclic,16,4,6.075929e-01
bench_red_forces_cyclic,16,5,6.230485e-01
bench_red_forces_cyclic,32,1,5.886595e-01
bench_red_forces_cyclic,32,2,6.002398e-01
bench_red_forces_cyclic,32,3,5.971110e-01
bench_red_forces_cyclic,32,4,6.591364e-01
bench_red_forces_cyclic,32,5,6.442535e-01
bench_red_all_cyclic,1,1,2.308343e+00
bench_red_all_cyclic,1,2,2.268828e+00
bench_red_all_cyclic,1,3,2.364721e+00
bench_red_all_cyclic,1,4,2.278011e+00
bench_red_all_cyclic,1,5,2.307033e+00
bench_red_all_cyclic,4,1,8.063876e-01
bench_red_all_cyclic,4,2,6.382665e-01
bench_red_all_cyclic,4,3,1.169799e+00
bench_red_all_cyclic,4,4,7.191565e-01
bench_red_all_cyclic,4,5,7.305284e-01
bench_red_all_cyclic,8,1,6.373613e-01
bench_red_all_cyclic,8,2,6.432295e-01
bench_red_all_cyclic,8,3,6.784249e-01
bench_red_all_cyclic,8,4,6.172565e-01
bench_red_all_cyclic,8,5,6.825929e-01
bench_red_all_cyclic,16,1,6.247759e-01
bench_red_all_cyclic,16,2,6.187960e-01
bench_red_all_cyclic,16,3,5.843063e-01
bench_red_all_cyclic,16,4,5.795208e-01
bench_red_all_cyclic,16,5,5.924199e-01
bench_red_all_cyclic,32,1,5.751156e-01
bench_red_all_cyclic,32,2,6.553838e-01
bench_red_all_cyclic,32,3,6.152949e-01
bench_red_all_cyclic,32,4,6.591139e-01
bench_red_all_cyclic,32,5,6.474533e-01
